"sample","SIM2","RFC4","COL1A1","MMP1","CST1","_PATIENT","OS","OS.time","DSS","DSS.time","DFI","DFI.time","PFI","PFI.time","Redaction","tissue_type","z_SIM2","z_RFC4","z_COL1A1","z_MMP1","z_CST1","frozen_score","sample_type_code","tissue_type_verified","tissue_type_final","frozen_score_final"
"TCGA-IC-A6RF-01",1.8762,2.8892,6.0231,6.6085,1.8268,"TCGA-IC-A6RF",0,477,0,477,1,293,1,293,NA,"Tumor",0.489540161136806,-1.30695582876108,-1.59143920966818,0.567636324871803,-1.12521643039508,-3.00913400947845,"01","Tumor","Tumor",-3.01259678391502
"TCGA-IC-A6RF-11",1.939,2.2348,2.9668,0.3757,0.0459,"TCGA-IC-A6RF",0,477,0,477,1,293,1,293,NA,"Normal",0.551620348061925,-2.05910905129897,-3.18403810427926,-2.13152035473668,-1.81703363232022,-7.16345222863143,"11","Normal","Normal",-7.17523119680041
"TCGA-IG-A3I8-01",2.1169,4.0069,9.032,5.6891,8.2424,"TCGA-IG-A3I8",0,1012,0,1012,0,1012,0,1012,NA,"Tumor",0.727481259749485,-0.0222955952179987,-0.0235398496592611,0.1694838651054,1.36701920365003,0.191870738142344,"01","Tumor","Tumor",0.194346047850648
"TCGA-IG-A3I8-11",0.369,1.5654,5.6521,0.1181,0.0195,"TCGA-IG-A3I8",0,1012,0,1012,0,1012,0,1012,NA,"Normal",-1.00038432506606,-2.82850294978133,-1.78476257121669,-2.24307579702059,-1.82728910659212,-5.89438930691394,"11","Normal","Normal",-5.91718887398024
"TCGA-IG-A3QL-01",0.8646,4.7516,10.5148,6.071,5.6385,"TCGA-IG-A3QL",0,1071,0,1071,0,1071,0,1071,NA,"Tumor",-0.510464888121965,0.833646496505661,0.749128291861304,0.334868272746023,0.355495360597151,2.22377546884204,"01","Tumor","Tumor",2.22245990910777
"TCGA-IG-A3Y9-01",0.5945,3.6002,11.1016,8.5898,3.3259,"TCGA-IG-A3Y9",1,26,0,26,0,26,0,26,NA,"Tumor",-0.777469004180481,-0.48974778899269,1.05490227718924,1.42565184427051,-0.542868647023761,1.52473920911841,"01","Tumor","Tumor",1.51850869826676
"TCGA-IG-A3YA-01",3.7081,4.7498,10.0515,3.7236,5.2793,"TCGA-IG-A3YA",0,632,0,632,0,632,0,632,NA,"Tumor",2.30044293865474,0.831577615392323,0.50770857917822,-0.681689356202916,0.215958756109807,-1.05233714903179,"01","Tumor","Tumor",-1.04671526203157
"TCGA-IG-A3YB-01",3.0267,3.0464,8.8511,3.7186,5.9,"TCGA-IG-A3YB",0,80,0,80,0,80,0,80,NA,"Tumor",1.62685313975703,-1.12627354486292,-0.117804529185205,-0.683854640408737,0.457078940979781,-2.87749294805552,"01","Tumor","Tumor",-2.87981961193678
"TCGA-IG-A3YC-01",2.39,3.788,11.2755,4.2437,8.1609,"TCGA-IG-A3YC",0,612,0,612,NA,NA,1,542,NA,"Tumor",0.997450989833086,-0.27389452616779,1.14551934611993,-0.456456493113394,1.33535931148489,-0.013244358278011,"01","Tumor","Tumor",-0.0147197689999785
"TCGA-IG-A4P3-01",3.6514,4.2413,6.1958,1.988,6.7677,"TCGA-IG-A4P3",1,567,1,567,NA,NA,1,567,NA,"Tumor",2.24439283358063,0.247118700874422,-1.50144744541097,-1.43330280972757,0.79414996468153,-3.15483145218405,"01","Tumor","Tumor",-3.1489230031715
"TCGA-IG-A4QT-01",0.0914,2.9114,6.5514,1.2137,0.0266,"TCGA-IG-A4QT",1,283,0,283,0,283,0,283,NA,"Tumor",-1.27480247618729,-1.28143962836325,-1.31614882717202,-1.76861872184104,-1.82453100555687,-3.36552524503798,"01","Tumor","Tumor",-3.3830924030345
"TCGA-IG-A50L-01",0.6937,4.4741,10.5217,8.9798,6.6999,"TCGA-IG-A50L",0,16,0,16,NA,NA,0,16,NA,"Tumor",-0.679406033750993,0.514693991532765,0.752723793733769,1.59454401232457,0.76781204211961,3.13038592515372,"01","Tumor","Tumor",3.13152130358996
"TCGA-IG-A51D-01",0.2118,4.8318,10.0103,7.6822,5.3271,"TCGA-IG-A51D",0,518,0,518,NA,NA,0,518,NA,"Tumor",-1.15578249998053,0.925826643888819,0.486239785389006,1.03260945522985,0.234527379980896,3.12041301269603,"01","Tumor","Tumor",3.11944564869727
"TCGA-IG-A5B8-01",0.0996,3.6724,8.4974,6.5819,4.0685,"TCGA-IG-A5B8",1,24,0,24,NA,NA,0,24,NA,"Tumor",-1.26669646451872,-0.406762668779922,-0.302113081691156,0.556117012896834,-0.254394586633166,0.682215273143643,"01","Tumor","Tumor",0.67522644149591
"TCGA-IG-A5S3-01",2.9808,4.2631,6.5273,1.195,6.2185,"TCGA-IG-A5S3",0,712,0,712,0,712,0,712,NA,"Tumor",1.58147924517322,0.272175149913734,-1.32870702936425,-1.77671688477082,0.580805022631281,-2.82303261624429,"01","Tumor","Tumor",-2.8209287081955
"TCGA-IG-A625-01",2.8004,4.0908,7.9799,1.8106,7.0764,"TCGA-IG-A625",1,390,0,390,NA,NA,0,390,NA,"Tumor",1.40314698846476,0.074137252231464,-0.571775722126072,-1.51012709335011,0.914069089974523,-2.04123976624191,"01","Tumor","Tumor",-2.04054420436432
"TCGA-IG-A6QS-01",0.2261,4.5958,9.5154,6.1887,2.2869,"TCGA-IG-A6QS",1,303,0,303,0,303,0,303,NA,"Tumor",-1.14164640646096,0.65457334236232,0.228353716304484,0.385839062951055,-0.946483714012488,1.57982745672472,"01","Tumor","Tumor",1.57451869787198
"TCGA-IG-A8O2-01",2.8717,4.7797,6.3169,0.8152,4.9754,"TCGA-IG-A8O2",1,142,0,142,0,142,0,142,NA,"Tumor",1.47362974846095,0.865944029441655,-1.43834378211306,-1.94119187304499,0.0979042625026138,-2.53296740906567,"01","Tumor","Tumor",-2.5301394745787
"TCGA-IG-A97H-01",1.7921,5.1446,8.8597,7.415,3.6171,"TCGA-IG-A97H",0,441,0,441,0,441,0,441,NA,"Tumor",0.406404114633581,1.28535220625106,-0.113323179025321,0.916896667270763,-0.429747658085246,1.40324699371784,"01","Tumor","Tumor",1.40853642592401
"TCGA-IG-A97I-01",0.3129,3.2006,9.9386,3.6016,6.0729,"TCGA-IG-A97I",0,370,0,370,0,370,0,370,NA,"Tumor",-1.05584130733516,-0.94903939615366,0.448877831149037,-0.734522290824953,0.524244528162024,-0.105155335489787,"01","Tumor","Tumor",-0.117015808996348
"TCGA-JY-A6FA-01",1.3411,5.1619,6.643,4.5985,6.4747,"TCGA-JY-A6FA",1,1361,1,1361,NA,NA,1,477,NA,"Tumor",-0.0394265271375799,1.30523645250703,-1.26841723709697,-0.302807925868322,0.680329738860841,0.764624058505139,"01","Tumor","Tumor",0.76917152683974
"TCGA-JY-A6FD-01",1.3289,3.806,6.9253,5.8003,1.0172,"TCGA-JY-A6FD",0,2069,0,2069,0,2069,0,2069,NA,"Tumor",-0.0514866908395935,-0.253205715034412,-1.12131431266262,0.217639785842863,-1.43971764139996,-1.53863818491941,"01","Tumor","Tumor",-1.54243714271098
"TCGA-JY-A6FE-01",1.9421,5.0933,7.9633,4.4372,0.0899,"TCGA-JY-A6FE",1,112,1,112,NA,NA,1,55,NA,"Tumor",0.554684815887847,1.22638909452094,-0.580425770109105,-0.372659994348114,-1.79994117520039,-0.708244096472383,"01","Tumor","Tumor",-0.707781790658475
"TCGA-JY-A6FG-01",0.2388,1.9302,8.1004,4.599,1.7281,"TCGA-JY-A6FG",1,1263,0,1263,NA,NA,0,1263,NA,"Tumor",-1.12909197375476,-2.40920971081156,-0.508984711164898,-0.302591397447739,-1.16355791943434,-2.79856161528363,"01","Tumor","Tumor",-2.8160654730342
"TCGA-JY-A93F-01",0.6868,2.817,7.1915,8.0231,2.8654,"TCGA-JY-A93F",0,731,0,731,0,731,0,731,NA,"Tumor",-0.686226946008689,-1.38994094897385,-0.982600892597352,1.18023853238274,-0.72175674938017,-1.0913978407525,"01","Tumor","Tumor",-1.09788268217189
"TCGA-KH-A6WC-01",3.4273,1.9011,4.823,1.6631,2.4653,"TCGA-KH-A6WC",0,191,0,191,0,191,0,191,NA,"Tumor",2.02286146590675,-2.44265662214385,-2.21679599186324,-1.57400297742183,-0.877181569690266,-7.28991861892329,"01","Tumor","Tumor",-7.29669869973397
"TCGA-L5-A43H-01",1.3665,4.1572,9.0728,2.8924,5.9401,"TCGA-L5-A43H",1,9,1,9,NA,NA,1,9,NA,"Tumor",-0.0143176617251907,0.150455977745699,-0.00227949076120352,-1.04164620257863,0.472656384854899,-0.318345007529003,"01","Tumor","Tumor",-0.322714961073827
"TCGA-L5-A43J-01",1.46,4.0844,9.9999,7.6303,7.4112,"TCGA-L5-A43J",1,131,1,131,NA,NA,1,98,NA,"Tumor",0.0781106420566351,0.066781230495152,0.480820478218912,1.01013380517342,1.04412715005905,1.57671702443932,"01","Tumor","Tumor",1.57814357869573
"TCGA-L5-A4OM-01",0.3177,4.6391,6.942,1.3378,1.1172,"TCGA-L5-A4OM",1,1458,0,1458,0,1458,0,1458,NA,"Tumor",-1.05109632489502,0.704341426922055,-1.11261215595679,-1.71487636785256,-1.4008711479458,-1.02675865608697,"01","Tumor","Tumor",-1.03571723828479
"TCGA-L5-A4OM-11",3.8017,2.0189,7.512,1.7945,0.0587,"TCGA-L5-A4OM",1,1458,0,1458,0,1458,0,1458,NA,"Normal",2.3929700962374,-2.30725984705986,-0.815592436057467,-1.51709930849285,-1.81206128115809,-6.99767749261621,"11","Normal","Normal",-7.00676293604821
"TCGA-L5-A88S-01",0.8697,3.0078,11.639,7.5116,9.0752,"TCGA-L5-A88S",0,471,0,471,0,471,0,471,NA,"Tumor",-0.50542334427932,-1.17063955096005,1.33493455345924,0.958729958127229,1.69053280113628,1.57546067817268,"01","Tumor","Tumor",1.56975525943931
"TCGA-L5-A88W-01",0.1745,2.8149,9.0537,7.8831,2.2508,"TCGA-L5-A88W",1,764,1,764,NA,NA,1,315,NA,"Tumor",-1.19265496769243,-1.39235464360608,-0.0122322568139713,1.11961057461974,-0.96050729814944,-0.220091580773153,"01","Tumor","Tumor",-0.230680952383126
"TCGA-L5-A88Z-01",0.6237,3.3774,9.0981,5.3632,1.6743,"TCGA-L5-A88Z",0,225,0,225,NA,NA,0,225,NA,"Tumor",-0.748603694336317,-0.745829295688045,0.0109040161045033,0.0283506405699736,-1.18445733291267,-0.767701163613351,"01","Tumor","Tumor",-0.77784931398518
"TCGA-L5-A8NK-01",3.4941,3.0866,7.1441,3.9876,3.8073,"TCGA-L5-A8NK",0,412,0,412,NA,NA,1,325,NA,"Tumor",2.08889580486532,-1.08006853333171,-1.00730042719951,-0.567362350135556,-0.355861627535433,-4.11962287402527,"01","Tumor","Tumor",-4.11967496489691
"TCGA-L5-A8NQ-01",2.8492,2.9298,7.8931,6.6383,4.9717,"TCGA-L5-A8NQ",1,650,1,650,NA,NA,1,337,NA,"Tumor",1.45138764327281,-1.26029106587135,-0.617006093507233,0.580541418738497,0.0964669422448101,-2.48682619414138,"01","Tumor","Tumor",-2.48645960483175
"TCGA-L7-A56G-01",2.8841,3.842,7.9218,5.6894,5.0039,"TCGA-L7-A56G",1,330,1,330,NA,NA,1,270,NA,"Tumor",1.48588761976464,-0.211828092767658,-0.602050890066687,0.169613782157749,0.10897551313705,-1.66331467069437,"01","Tumor","Tumor",-1.66010317429426
"TCGA-LN-A49K-01",1.805,4.4163,7.3757,4.4398,5.4098,"TCGA-LN-A49K",1,180,0,180,0,180,0,180,NA,"Tumor",0.419156254941447,0.448259920226699,-0.886616625219358,-0.371534046561087,0.266653430067487,-0.555190239595537,"01","Tumor","Tumor",-0.553866127748648
"TCGA-LN-A49L-01",0.5154,4.5432,8.9111,0.9856,5.2118,"TCGA-LN-A49L",1,318,0,318,0,318,0,318,NA,"Tumor",-0.855662360641897,0.594116038717007,-0.0865392955115924,-1.86739898731061,0.189737373028249,0.0683031111646235,"01","Tumor","Tumor",0.0600834734952309
"TCGA-LN-A49M-01",0.2303,3.8928,9.7363,8.2366,4.869,"TCGA-LN-A49M",0,385,0,385,0,385,0,385,NA,"Tumor",-1.13749454682584,-0.153439670235683,0.343461884946171,1.2726961679713,0.0565715934673873,1.93111402293831,"01","Tumor","Tumor",1.92683971867287
"TCGA-LN-A49N-01",0.4227,3.1751,11.0891,10.3782,6.9369,"TCGA-LN-A49N",0,378,0,378,0,378,0,378,NA,"Tumor",-0.947299834017034,-0.978348545259277,1.04838868684057,2.20013069900864,0.85987823160597,2.41334092123095,"01","Tumor","Tumor",2.40934697014727
"TCGA-LN-A49O-01",0.6774,4.1618,8.1708,7.0997,0,"TCGA-LN-A49O",0,408,0,408,1,193,1,193,NA,"Tumor",-0.69551920328729,0.155743118368674,-0.472300170321192,0.780353845251678,-1.83486417281568,0.0438135900814961,"01","Tumor","Tumor",0.0390025431755093
"TCGA-LN-A49P-01",1.7344,3.8296,9.4263,0.7494,7.3676,"TCGA-LN-A49P",0,375,0,375,1,320,1,320,NA,"Tumor",0.349365471551106,-0.226080384881762,0.181924844299168,-1.9696870131936,1.02719007891304,-1.27636234807894,"01","Tumor","Tumor",-1.28281903061852
"TCGA-LN-A49R-01",1.1148,4.7825,10.4526,8.0595,8.3205,"TCGA-LN-A49R",0,407,0,407,0,407,0,407,NA,"Tumor",-0.263132678429849,0.869162288951291,0.716716666286325,1.19600180140112,1.39735831503773,3.18827823943628,"01","Tumor","Tumor",3.19220635129385
"TCGA-LN-A49S-01",3.0258,3.6462,6.3721,3.2447,2.3748,"TCGA-LN-A49S",0,400,0,400,1,49,1,49,NA,"Tumor",1.6259634555495,-0.436876382762948,-1.40957976713333,-0.889080277436471,-0.912337646266281,-3.81987952275959,"01","Tumor","Tumor",-3.82025804681171
"TCGA-LN-A49U-01",1.8669,3.7799,11.9117,7.1615,5.1209,"TCGA-LN-A49U",0,467,0,467,0,467,0,467,NA,"Tumor",0.480346757659041,-0.283204491177809,1.47703504050581,0.807116758035628,0.154425910478417,0.900020533639068,"01","Tumor","Tumor",0.897565047671931
"TCGA-LN-A49V-01",2.7319,5.5507,9.3285,3.0395,4.8913,"TCGA-LN-A49V",0,383,0,383,0,383,0,383,NA,"Tumor",1.33543213489198,1.75211477298797,0.130962513411178,-0.977943541243373,0.0652343615076652,0.206164399191172,"01","Tumor","Tumor",0.211512107952987
"TCGA-LN-A49W-01",0.5732,3.7926,11.3388,7.2016,8.558,"TCGA-LN-A49W",0,403,0,403,0,403,0,403,NA,"Tumor",-0.798524863758586,-0.268607385544815,1.1785041676456,0.824482337366314,1.48961873699136,2.48815265525734,"01","Tumor","Tumor",2.48434406803707
"TCGA-LN-A49X-01",0.3619,3.4616,11.241,6.7623,7.0125,"TCGA-LN-A49X",0,384,0,384,0,384,0,384,NA,"Tumor",-1.00740294492543,-0.649051634719693,1.1275418367576,0.634240467042863,0.889246180657315,1.77255880897182,"01","Tumor","Tumor",1.76514901910109
"TCGA-LN-A49Y-01",0.079,5.4615,9.8849,3.461,7.6162,"TCGA-LN-A49Y",0,379,0,379,1,90,1,90,NA,"Tumor",-1.28706034749098,1.64959022003813,0.420895447011153,-0.795410082692646,1.12376246164008,3.13066484095354,"01","Tumor","Tumor",3.12854602803115
"TCGA-LN-A4A1-01",0.2198,3.2875,10.1288,6.8625,3.0473,"TCGA-LN-A4A1",0,383,0,383,1,205,1,205,NA,"Tumor",-1.14787419591364,-0.849158413515301,0.547988621894392,0.67763276252752,-0.651094977787052,0.533168389343124,"01","Tumor","Tumor",0.523025182132884
"TCGA-LN-A4A2-01",0.7795,4.6579,10.6136,7.2565,5.6932,"TCGA-LN-A4A2",0,380,0,380,0,380,0,380,NA,"Tumor",-0.594589472633552,0.72594974077247,0.800611709977188,0.848257157946231,0.376744392516577,2.58571140500511,"01","Tumor","Tumor",2.58507530337782
"TCGA-LN-A4A3-01",1.0185,4.2667,8.3217,5.781,4.8287,"TCGA-LN-A4A3",0,388,0,388,0,388,0,388,NA,"Tumor",-0.358328888635088,0.27631291214041,-0.393668107632054,0.209281788808393,0.0409164566053609,0.513828020070481,"01","Tumor","Tumor",0.512176823180902
"TCGA-LN-A4A4-01",0.6626,3.6808,11.2869,4.5165,7.8349,"TCGA-LN-A4A4",0,383,0,383,0,383,0,383,NA,"Tumor",-0.710149565811044,-0.397107890251012,1.15145974051792,-0.338318586843789,1.20871974282433,1.28896998644073,"01","Tumor","Tumor",1.28132675501711
"TCGA-LN-A4A5-01",0.7202,3.6922,11.1619,6.0406,8.2533,"TCGA-LN-A4A5",1,681,1,681,1,224,1,224,NA,"Tumor",-0.653209776529406,-0.384004976533207,1.08632383703122,0.321703344774631,1.37125347143654,1.7667099479209,"01","Tumor","Tumor",1.76154025814182
"TCGA-LN-A4A6-01",0.1667,4.3493,10.1916,4.944,0.8576,"TCGA-LN-A4A6",0,391,0,391,1,158,1,158,NA,"Tumor",-1.20036556415765,0.371251567674685,0.580712899806107,-0.153186787246076,-1.5017166449528,0.87896311493914,"01","Tumor","Tumor",0.869293844823373
"TCGA-LN-A4A8-01",0.8298,4.4384,11.1194,5.0863,6.041,"TCGA-LN-A4A8",0,472,0,472,1,250,1,250,NA,"Tumor",-0.544866010812955,0.4736611827849,1.06417762984575,-0.0915627987484049,0.511852496750147,1.84578880828984,"01","Tumor","Tumor",1.84154195270418
"TCGA-LN-A4A9-01",0.6406,3.1004,10.3363,4.8312,6.6596,"TCGA-LN-A4A9",1,351,1,351,1,274,1,274,NA,"Tumor",-0.731897401995003,-1.06420711146279,0.656114221682304,-0.202035598929403,0.752156905257583,0.131777455794707,"01","Tumor","Tumor",0.122085374831989
"TCGA-LN-A4MQ-01",2.8426,5.0489,7.3528,3.4568,1.4887,"TCGA-LN-A4MQ",0,375,0,375,1,25,1,25,NA,"Tumor",1.44486329241762,1.17535669372527,-0.898549522738121,-0.797228921425536,-1.2565564247636,-1.72248936557643,"01","Tumor","Tumor",-1.71882351480903
"TCGA-LN-A4MR-01",0.2134,3.7701,10.6664,7.4432,6.3483,"TCGA-LN-A4MR",0,402,0,402,1,226,1,226,NA,"Tumor",-1.15420083916715,-0.294468399461537,0.828125115609967,0.929108870191595,0.631227771134782,2.15858310929792,"01","Tumor","Tumor",2.15289722166714
"TCGA-LN-A5U5-01",2.2805,5.3862,6.6415,2.5306,4.8971,"TCGA-LN-A5U5",1,136,1,136,NA,NA,1,136,NA,"Tumor",0.889206077917471,1.56304202679683,-1.26919886793881,-1.19832616771186,0.0674874581280064,-0.680353321021547,"01","Tumor","Tumor",-0.675248803629263
"TCGA-LN-A5U6-01",0.6165,4.8653,10.6733,4.4198,7.8021,"TCGA-LN-A5U6",0,375,0,375,0,375,0,375,NA,"Tumor",-0.755721167996522,0.964330820164827,0.831720617482433,-0.380195183384371,1.19597809297137,2.5494245322376,"01","Tumor","Tumor",2.54710228782667
"TCGA-LN-A5U7-01",0.7325,4.8098,8.7924,5.4523,4.42,"TCGA-LN-A5U7",0,768,0,768,1,535,1,535,NA,"Tumor",-0.641050759026556,0.900540319170247,-0.148392349462557,0.0669360051177076,-0.117849162141793,1.39277770045659,"01","Tumor","Tumor",1.39134514068394
"TCGA-LN-A7HV-01",2.3363,4.691,8.1444,4.3447,2.8637,"TCGA-LN-A7HV",0,320,0,320,0,320,0,320,NA,"Tumor",0.944366498784058,0.763994165689958,-0.486056873137582,-0.412717752155806,-0.722417139768891,-0.936320670873093,"01","Tumor","Tumor",-0.93463300150804
"TCGA-LN-A7HW-01",1.0795,4.7683,12.5336,8.4878,6.5281,"TCGA-LN-A7HW",0,365,0,365,1,97,1,97,NA,"Tumor",-0.29802807012502,0.85284111572385,1.80109918753282,1.38148004647176,0.701073766365362,3.66452281901388,"01","Tumor","Tumor",3.66556629984677
"TCGA-LN-A7HX-01",1.3843,4.2015,10.2978,5.1787,6.0616,"TCGA-LN-A7HX",0,372,0,372,0,372,0,372,NA,"Tumor",0.00327831482364892,0.201373440701733,0.636052363408403,-0.0515483466248288,0.519854874401704,0.857635025556562,"01","Tumor","Tumor",0.855160038086863
"TCGA-LN-A7HY-01",2.0378,3.7515,11.7187,7.0638,8.2838,"TCGA-LN-A7HY",0,366,0,366,1,88,1,88,NA,"Tumor",0.649287903288068,-0.315846837632693,1.37646520552236,0.764807104653882,1.38310165194006,1.26866425708954,"01","Tumor","Tumor",1.26888791538807
"TCGA-LN-A7HZ-01",1.6654,5.4468,10.0827,2.7585,7.8743,"TCGA-LN-A7HZ",0,401,0,401,1,117,1,117,NA,"Tumor",0.281156348974144,1.63269435761253,0.523966500688499,-1.09963251361052,1.22402526124527,1.71730184694487,"01","Tumor","Tumor",1.71959778566727
"TCGA-LN-A8HZ-01",1.9706,5.06,8.1998,5.7695,6.2959,"TCGA-LN-A8HZ",0,375,0,375,0,375,0,375,NA,"Tumor",0.582858149126157,1.18811479392419,-0.457188640712279,0.204301635135005,0.610872208564802,0.967265588534704,"01","Tumor","Tumor",0.973284391227483
"TCGA-LN-A8I0-01",1.9204,3.8269,10.3557,7.1454,5.7548,"TCGA-LN-A8I0",0,407,0,407,1,57,1,57,NA,"Tumor",0.533233541106396,-0.229183706551769,0.66622331390344,0.800144542892884,0.40067383248434,0.517667388070107,"01","Tumor","Tumor",0.517497021607344
"TCGA-LN-A8I1-01",2.3514,3.9475,7.3397,5.9506,8.5192,"TCGA-LN-A8I1",0,401,0,401,0,401,0,401,NA,"Tumor",0.959293422710321,-0.0905686719581431,-0.905375765423527,0.282728229069849,1.47454629753115,-0.502312673569121,"01","Tumor","Tumor",-0.497175371350313
"TCGA-LN-A9FO-01",0.698,3.96,8.0751,5.3554,4.1661,"TCGA-LN-A9FO",0,4,0,4,NA,NA,0,4,NA,"Tumor",-0.675155320315037,-0.0762014420044088,-0.522168218030605,0.0249727972088927,-0.216480409021906,0.0501905448927284,"01","Tumor","Tumor",0.0454354752075958
"TCGA-LN-A9FP-01",0.9183,3.3954,8.9024,2.7485,4.8323,"TCGA-LN-A9FP",0,366,0,366,1,290,1,290,NA,"Tumor",-0.457380397072938,-0.725140484554668,-0.0910727543942659,-1.10396308202217,0.0423149303697105,-1.21784313774204,"01","Tumor","Tumor",-1.22771626138149
"TCGA-LN-A9FQ-01",0.4859,4.2705,10.8546,4.0192,8.3794,"TCGA-LN-A9FQ",0,391,0,391,1,82,1,82,NA,"Tumor",-0.884824231888569,0.280680550046345,0.926193731899535,-0.553677753954766,1.42023889968223,1.97505825814233,"01","Tumor","Tumor",1.96951318117864
"TCGA-LN-A9FR-01",1.4018,3.2576,12.445,7.6546,1.5312,"TCGA-LN-A9FR",0,373,0,373,0,373,0,373,NA,"Tumor",0.0205777299699798,-0.883524827564632,1.75493085914145,1.02065708641372,-1.24004666504558,0.240368821404702,"01","Tumor","Tumor",0.231765013591703
"TCGA-Q9-A6FU-01",2.5223,4.3202,9.7849,7.6551,0.6071,"TCGA-Q9-A6FU",1,157,1,157,NA,NA,1,99,NA,"Tumor",1.12823456833935,0.337804656342391,0.368786724221798,1.0208736148343,-1.59902711105547,-0.437344011755092,"01","Tumor","Tumor",-0.435750454438336
"TCGA-S8-A6BW-01",1.3347,4.193,12.7065,8.7464,4.6917,"TCGA-S8-A6BW",0,620,0,620,0,620,0,620,NA,"Tumor",-0.0457531703910952,0.191603724333193,1.89119516923561,1.49346854559683,-0.012303239426839,2.5115022791415,"01","Tumor","Tumor",2.5098543608229
"TCGA-V5-A7RC-01",0.6178,4.7783,10.3448,6.7788,4.5583,"TCGA-V5-A7RC",1,104,1,104,NA,NA,1,88,NA,"Tumor",-0.754436068585651,0.864334899686837,0.660543463119399,0.641385904922073,-0.0641244616946889,2.40137521199657,"01","Tumor","Tumor",2.39961786997155
"TCGA-V5-AASV-01",1.3102,3.2652,8.4006,5.8478,3.3254,"TCGA-V5-AASV",0,467,0,467,NA,NA,1,322,NA,"Tumor",-0.0699723515959586,-0.874789551752762,-0.352554325351252,0.238209985798165,-0.543062879491032,-1.21891255369074,"01","Tumor","Tumor",-1.22485317285214
"TCGA-VR-A8EO-01",2.2853,5.8938,9.1296,7.424,4.7148,"TCGA-VR-A8EO",0,785,0,785,0,785,0,785,NA,"Tumor",0.893951060357608,2.14646650075806,0.02731826378315,0.920794178841242,-0.00332969943892781,2.24012231881352,"01","Tumor","Tumor",2.250748733068
"TCGA-VR-A8EP-01",3.0649,4.0448,6.3001,3.2062,1.4241,"TCGA-VR-A8EP",0,824,0,824,NA,NA,1,242,NA,"Tumor",1.66461529167645,0.0212658460017235,-1.44709804754167,-0.905752965821294,-1.28165125953498,-3.58684785613328,"01","Tumor","Tumor",-3.58602922276715
"TCGA-VR-A8ER-01",0.5446,4.6073,10.9384,7.2661,5.4695,"TCGA-VR-A8ER",1,378,1,378,NA,NA,1,378,NA,"Tumor",-0.826797050797733,0.667791193919756,0.969860841597015,0.852414503621408,0.28984478665962,2.78158987739518,"01","Tumor","Tumor",2.77949680630535
"TCGA-VR-A8ET-01",0.6149,2.2842,8.3944,6.328,2.3932,"TCGA-VR-A8ET",1,47,0,47,NA,NA,0,47,NA,"Tumor",-0.757302828809901,-2.00232975852181,-0.355785066164193,0.446163880925234,-0.905189891470715,-1.90528383250905,"01","Tumor","Tumor",-1.91777818602207
"TCGA-VR-A8EU-01",0.073,4.3626,9.7144,7.7255,5.6687,"TCGA-VR-A8EU",1,557,1,557,NA,NA,1,557,NA,"Tumor",-1.29299157554115,0.386538300345457,0.332050074655302,1.05136081645226,0.367227001620308,2.63742992664315,"01","Tumor","Tumor",2.63457405118158
"TCGA-VR-A8EW-01",0.1272,4.9559,7.8722,4.56,6.7713,"TCGA-VR-A8EW",1,247,1,247,NA,NA,1,247,NA,"Tumor",-1.23941281548794,1.06846450286949,-0.627896816570208,-0.319480614253145,0.79554843844588,1.96136403541982,"01","Tumor","Tumor",1.95993383185194
"TCGA-VR-A8EX-01",2.9621,3.8031,4.8023,3.3095,5.4077,"TCGA-VR-A8EX",1,855,1,855,NA,NA,1,855,NA,"Tumor",1.56299358441686,-0.256538912383678,-2.22758249748064,-0.861018194129028,0.265837653704949,-3.46640612868125,"01","Tumor","Tumor",-3.4626809525512
"TCGA-VR-A8EY-01",0.9842,4.7495,9.5746,7.719,1.9951,"TCGA-VR-A8EY",0,1025,0,1025,0,1025,0,1025,NA,"Tumor",-0.392235742321897,0.831232801873434,0.259202080195783,1.04854594698469,-1.05983778191173,1.5806522088862,"01","Tumor","Tumor",1.58012180401687
"TCGA-VR-A8EZ-01",0.9543,5.1768,10.4108,6.2398,8.5674,"TCGA-VR-A8EZ",1,553,1,553,NA,NA,1,379,NA,"Tumor",-0.421793028771914,1.32236219061188,0.694935220160374,0.407968267534547,1.49327030737605,3.28382760897877,"01","Tumor","Tumor",3.28691710168828
"TCGA-VR-A8Q7-01",1.6116,4.2195,8.7673,4.901,5.9408,"TCGA-VR-A8Q7",0,1590,0,1590,0,1590,0,1590,NA,"Tumor",0.22797300412428,0.22206225183511,-0.161471638882685,-0.171808231416139,0.472928310309078,0.0732245367140945,"01","Tumor","Tumor",0.0726432259883802
"TCGA-VR-AA4G-01",1.7804,4.8408,10.5585,6.698,6.368,"TCGA-VR-AA4G",0,549,0,549,0,549,0,549,NA,"Tumor",0.394838219935748,0.936171049455507,0.771899803720253,0.606394912156003,0.638880530345251,1.93928754263029,"01","Tumor","Tumor",1.94263577747763
"TCGA-VR-AA7B-01",1.842,3.587,11.1822,7.2468,6.3884,"TCGA-VR-AA7B",0,342,0,342,NA,NA,1,207,NA,"Tumor",0.455732161250833,-0.504919583823833,1.09690190775746,0.844056506586938,0.6468052150099,0.720233615548678,"01","Tumor","Tumor",0.718542536950475
"TCGA-VR-AA7D-01",0.5192,4.7655,9.2482,6.427,0.8308,"TCGA-VR-AA7D",1,279,1,279,NA,NA,1,244,NA,"Tumor",-0.851905916210122,0.849622856214214,0.0891192090113262,0.489036508200493,-1.51212750519852,1.24009093577522,"01","Tumor","Tumor",1.23603627500084
"TCGA-VR-AA7I-01",1.706,4.0323,11.3389,6.6585,7.7085,"TCGA-VR-AA7I",1,484,1,484,NA,NA,1,484,NA,"Tumor",0.321290992113632,0.00689861604798921,1.17855627636838,0.589289166930015,1.15961777509827,1.51974598518511,"01","Tumor","Tumor",1.51953203749392
"TCGA-XP-A8T6-01",1.4682,3.9569,6.9664,2.9909,0.11,"TCGA-XP-A8T6",1,763,0,763,0,763,0,763,NA,"Tumor",0.0862166537252017,-0.0797645150329347,-1.09989762759619,-0.998990103723955,-1.7921330300161,-2.49821025317491,"01","Tumor","Tumor",-2.50492528091392
"TCGA-XP-A8T8-01",0.3283,5.0877,7.2009,3.5757,0.8048,"TCGA-XP-A8T8",0,437,0,437,0,437,0,437,NA,"Tumor",-1.04061782200639,1.21995257550166,-0.977702672655152,-0.745738463011107,-1.5222275934966,0.229799053133584,"01","Tumor","Tumor",0.224999544597276
"TCGA-Z6-A8JD-01",0.8284,3.419,11.5201,10.0149,2.2373,"TCGA-Z6-A8JD",0,104,0,104,0,104,0,104,NA,"Tumor",-0.546249964024662,-0.698015154402018,1.2729772820627,2.04280114861367,-0.965751574765751,1.46735126528799,"01","Tumor","Tumor",1.46170194935459
"TCGA-Z6-A8JE-01",1.1294,4.0377,11.7813,5.8692,6.9692,"TCGA-Z6-A8JE",0,64,0,64,0,64,0,64,NA,"Tumor",-0.248700023507768,0.0131052593880021,1.40908526598849,0.24747740219908,0.872425648991663,1.75421625441224,"01","Tumor","Tumor",1.7502125527071
"TCGA-Z6-A9VB-01",1.1719,4.6398,8.5773,3.6979,2.176,"TCGA-Z6-A9VB",0,40,0,40,0,40,0,40,NA,"Tumor",-0.206687158152392,0.705145991799464,-0.260478212182462,-0.692818917020837,-0.989564475253151,-0.240029951787108,"01","Tumor","Tumor",-0.244132994641128
"TCGA-Z6-AAPN-01",1.0208,3.6265,8.2675,5.9152,7.2836,"TCGA-Z6-AAPN",0,81,0,81,0,81,0,81,NA,"Tumor",-0.356055251215856,-0.459519137170033,-0.421911035383885,0.267398016892635,0.994559024411544,0.23899249405375,"01","Tumor","Tumor",0.236519866131067
