"GSM","title","sample_id","patient_number","escc_number"
"GSM3450133","Paraffin embedded tissue of ESCC patient 1","ESCC-001T",1,1
"GSM3450134","Paraffin embedded tissue of ESCC patient 2","ESCC-002T",2,2
"GSM3450135","Paraffin embedded tissue of ESCC patient 3","ESCC-003T",3,3
"GSM3450136","Paraffin embedded tissue of ESCC patient 4","ESCC-004T",4,4
"GSM3450137","Paraffin embedded tissue of ESCC patient 5","ESCC-005T",5,5
"GSM3450138","Paraffin embedded tissue of ESCC patient 6","ESCC-006T",6,6
"GSM3450139","Paraffin embedded tissue of ESCC patient 7","ESCC-007T",7,7
"GSM3450140","Paraffin embedded tissue of ESCC patient 8","ESCC-008T",8,8
"GSM3450141","Paraffin embedded tissue of ESCC patient 9","ESCC-009T",9,9
"GSM3450142","Paraffin embedded tissue of ESCC patient 10","ESCC-010T",10,10
"GSM3450143","Paraffin embedded tissue of ESCC patient 11","ESCC-011T",11,11
"GSM3450144","Paraffin embedded tissue of ESCC patient 12","ESCC-012T",12,12
"GSM3450145","Paraffin embedded tissue of ESCC patient 13","ESCC-013T",13,13
"GSM3450146","Paraffin embedded tissue of ESCC patient 14","ESCC-014T",14,14
"GSM3450147","Paraffin embedded tissue of ESCC patient 16","ESCC-016T",16,16
"GSM3450148","Paraffin embedded tissue of ESCC patient 17","ESCC-017T",17,17
"GSM3450149","Paraffin embedded tissue of ESCC patient 18","ESCC-018T",18,18
"GSM3450150","Paraffin embedded tissue of ESCC patient 19","ESCC-019T",19,19
"GSM3450151","Paraffin embedded tissue of ESCC patient 20","ESCC-020T",20,20
"GSM3450152","Paraffin embedded tissue of ESCC patient 21","ESCC-021T",21,21
"GSM3450153","Paraffin embedded tissue of ESCC patient 22","ESCC-022T",22,22
"GSM3450154","Paraffin embedded tissue of ESCC patient 23","ESCC-023T",23,23
"GSM3450155","Paraffin embedded tissue of ESCC patient 24","ESCC-024T",24,24
"GSM3450156","Paraffin embedded tissue of ESCC patient 25","ESCC-025T",25,25
"GSM3450157","Paraffin embedded tissue of ESCC patient 26","ESCC-026T",26,26
"GSM3450158","Paraffin embedded tissue of ESCC patient 27","ESCC-027T",27,27
"GSM3450159","Paraffin embedded tissue of ESCC patient 28","ESCC-028T",28,28
"GSM3450160","Paraffin embedded tissue of ESCC patient 29","ESCC-029T",29,29
"GSM3450161","Paraffin embedded tissue of ESCC patient 30","ESCC-030T",30,30
"GSM3450162","Paraffin embedded tissue of ESCC patient 31","ESCC-031T",31,31
"GSM3450163","Paraffin embedded tissue of ESCC patient 32","ESCC-032T",32,32
"GSM3450164","Paraffin embedded tissue of ESCC patient 33","ESCC-033T",33,33
"GSM3450165","Paraffin embedded tissue of ESCC patient 34","ESCC-034T",34,34
"GSM3450166","Paraffin embedded tissue of ESCC patient 35","ESCC-035T",35,35
"GSM3450167","Paraffin embedded tissue of ESCC patient 36","ESCC-036T",36,36
"GSM3450168","Paraffin embedded tissue of ESCC patient 37","ESCC-037T",37,37
"GSM3450169","Paraffin embedded tissue of ESCC patient 38","ESCC-038T",38,38
"GSM3450170","Paraffin embedded tissue of ESCC patient 39","ESCC-039T",39,39
"GSM3450171","Paraffin embedded tissue of ESCC patient 40","ESCC-040T",40,40
"GSM3450172","Paraffin embedded tissue of ESCC patient 41","ESCC-041T",41,41
"GSM3450173","Paraffin embedded tissue of ESCC patient 42","ESCC-042T",42,42
"GSM3450174","Paraffin embedded tissue of ESCC patient 43","ESCC-043T",43,43
"GSM3450175","Paraffin embedded tissue of ESCC patient 44","ESCC-044T",44,44
"GSM3450176","Paraffin embedded tissue of ESCC patient 45","ESCC-045T",45,45
"GSM3450177","Paraffin embedded tissue of ESCC patient 46","ESCC-046T",46,46
"GSM3450178","Paraffin embedded tissue of ESCC patient 47","ESCC-047T",47,47
"GSM3450179","Paraffin embedded tissue of ESCC patient 48","ESCC-048T",48,48
"GSM3450180","Paraffin embedded tissue of ESCC patient 49","ESCC-049T",49,49
"GSM3450181","Paraffin embedded tissue of ESCC patient 50","ESCC-050T",50,50
"GSM3450182","Paraffin embedded tissue of ESCC patient 51","ESCC-051T",51,51
"GSM3450183","Paraffin embedded tissue of ESCC patient 52","ESCC-052T",52,52
"GSM3450184","Paraffin embedded tissue of ESCC patient 53","ESCC-053T",53,53
"GSM3450185","Paraffin embedded tissue of ESCC patient 54","ESCC-054T",54,54
"GSM3450186","Paraffin embedded tissue of ESCC patient 55","ESCC-055T",55,55
"GSM3450187","Paraffin embedded tissue of ESCC patient 56","ESCC-056T",56,56
"GSM3450188","Paraffin embedded tissue of ESCC patient 57","ESCC-057T",57,57
"GSM3450189","Paraffin embedded tissue of ESCC patient 58","ESCC-058T",58,58
"GSM3450190","Paraffin embedded tissue of ESCC patient 59","ESCC-059T",59,59
"GSM3450191","Paraffin embedded tissue of ESCC patient 60","ESCC-060T",60,60
"GSM3450192","Paraffin embedded tissue of ESCC patient 61","ESCC-061T",61,61
"GSM3450193","Paraffin embedded tissue of ESCC patient 62","ESCC-062T",62,62
"GSM3450194","Paraffin embedded tissue of ESCC patient 63","ESCC-063T",63,63
"GSM3450195","Paraffin embedded tissue of ESCC patient 64","ESCC-064T",64,64
"GSM3450196","Paraffin embedded tissue of ESCC patient 65","ESCC-065T",65,65
"GSM3450197","Paraffin embedded tissue of ESCC patient 66","ESCC-066T",66,66
"GSM3450198","Paraffin embedded tissue of ESCC patient 67","ESCC-067T",67,67
"GSM3450199","Paraffin embedded tissue of ESCC patient 68","ESCC-068T",68,68
"GSM3450200","Paraffin embedded tissue of ESCC patient 69","ESCC-069T",69,69
"GSM3450201","Paraffin embedded tissue of ESCC patient 70","ESCC-070T",70,70
"GSM3450202","Paraffin embedded tissue of ESCC patient 71","ESCC-071T",71,71
"GSM3450203","Paraffin embedded tissue of ESCC patient 72","ESCC-072T",72,72
"GSM3450204","Paraffin embedded tissue of ESCC patient 73","ESCC-073T",73,73
"GSM3450205","Paraffin embedded tissue of ESCC patient 74","ESCC-074T",74,74
"GSM3450206","Paraffin embedded tissue of ESCC patient 75","ESCC-075T",75,75
"GSM3450207","Paraffin embedded tissue of ESCC patient 76","ESCC-076T",76,76
"GSM3450208","Paraffin embedded tissue of ESCC patient 77","ESCC-077T",77,77
"GSM3450209","Paraffin embedded tissue of ESCC patient 78","ESCC-078T",78,78
"GSM3450210","Paraffin embedded tissue of ESCC patient 79","ESCC-079T",79,79
"GSM3450211","Paraffin embedded tissue of ESCC patient 80","ESCC-080T",80,80
"GSM3450212","Paraffin embedded tissue of ESCC patient 81","ESCC-081T",81,81
"GSM3450213","Paraffin embedded tissue of ESCC patient 82","ESCC-082T",82,82
"GSM3450214","Paraffin embedded tissue of ESCC patient 83","ESCC-083T",83,83
"GSM3450215","Paraffin embedded tissue of ESCC patient 84","ESCC-084T",84,84
"GSM3450216","Paraffin embedded tissue of ESCC patient 85","ESCC-085T",85,85
"GSM3450217","Paraffin embedded tissue of ESCC patient 86","ESCC-086T",86,86
"GSM3450218","Paraffin embedded tissue of ESCC patient 87","ESCC-087T",87,87
"GSM3450219","Paraffin embedded tissue of ESCC patient 88","ESCC-088T",88,88
"GSM3450220","Paraffin embedded tissue of ESCC patient 89","ESCC-089T",89,89
"GSM3450221","Paraffin embedded tissue of ESCC patient 90","ESCC-090T",90,90
"GSM3450222","Paraffin embedded tissue of ESCC patient 91","ESCC-091T",91,91
"GSM3450223","Paraffin embedded tissue of ESCC patient 92","ESCC-092T",92,92
"GSM3450224","Paraffin embedded tissue of ESCC patient 93","ESCC-093T",93,93
"GSM3450225","Paraffin embedded tissue of ESCC patient 94","ESCC-094T",94,94
"GSM3450226","Paraffin embedded tissue of ESCC patient 95","ESCC-095T",95,95
"GSM3450227","Paraffin embedded tissue of ESCC patient 96","ESCC-096T",96,96
"GSM3450228","Paraffin embedded tissue of ESCC patient 97","ESCC-097T",97,97
"GSM3450229","Paraffin embedded tissue of ESCC patient 98","ESCC-098T",98,98
"GSM3450230","Paraffin embedded tissue of ESCC patient 99","ESCC-099T",99,99
"GSM3450231","Paraffin embedded tissue of ESCC patient 100","ESCC-100T",100,100
"GSM3450232","Paraffin embedded tissue of ESCC patient 101","ESCC-101T",101,101
"GSM3450233","Paraffin embedded tissue of ESCC patient 102","ESCC-102T",102,102
"GSM3450234","Paraffin embedded tissue of ESCC patient 103","ESCC-103T",103,103
"GSM3450235","Paraffin embedded tissue of ESCC patient 104","ESCC-104T",104,104
"GSM3450236","Paraffin embedded tissue of ESCC patient 105","ESCC-105T",105,105
"GSM3450237","Paraffin embedded tissue of ESCC patient 106","ESCC-106T",106,106
"GSM3450238","Paraffin embedded tissue of ESCC patient 107","ESCC-107T",107,107
"GSM3450239","Paraffin embedded tissue of ESCC patient 108","ESCC-108T",108,108
"GSM3450240","Paraffin embedded tissue of ESCC patient 109","ESCC-109T",109,109
"GSM3450241","Paraffin embedded tissue of ESCC patient 110","ESCC-110T",110,110
"GSM3450242","Paraffin embedded tissue of ESCC patient 111","ESCC-111T",111,111
"GSM3450243","Paraffin embedded tissue of ESCC patient 112","ESCC-112T",112,112
"GSM3450244","Paraffin embedded tissue of ESCC patient 113","ESCC-113T",113,113
"GSM3450245","Paraffin embedded tissue of ESCC patient 114","ESCC-114T",114,114
"GSM3450246","Paraffin embedded tissue of ESCC patient 115","ESCC-115T",115,115
"GSM3450247","Paraffin embedded tissue of ESCC patient 116","ESCC-116T",116,116
"GSM3450248","Paraffin embedded tissue of ESCC patient 117","ESCC-117T",117,117
"GSM3450249","Paraffin embedded tissue of ESCC patient 118","ESCC-118T",118,118
"GSM3450250","Paraffin embedded tissue of ESCC patient 119","ESCC-119T",119,119
"GSM3450251","Paraffin embedded tissue of ESCC patient 120","ESCC-120T",120,120
"GSM3450252","Paraffin embedded tissue of ESCC patient 121","ESCC-121T",121,121
"GSM3450253","Paraffin embedded tissue of ESCC patient 122","ESCC-122T",122,122
"GSM3450254","Paraffin embedded tissue of ESCC patient 123","ESCC-123T",123,123
"GSM3450255","Paraffin embedded tissue of ESCC patient 124","ESCC-124T",124,124
"GSM3450256","Paraffin embedded tissue of ESCC patient 125","ESCC-125T",125,125
"GSM3450257","Paraffin embedded tissue of ESCC patient 126","ESCC-126T",126,126
