"patient_id","Normal","Tumor","Tumor_minus_Normal"
"E1507",-3.08669070392085,2.60330067164242,5.68999137556327
"E1520",-3.44439913367988,4.05744387726079,7.50184301094067
"E1521",-3.02819393239861,0.00410714005467155,3.03230107245328
"E1532",-3.20950509342514,3.53395659150207,6.74346168492721
"E1535",-3.66801438623875,-1.38469906621447,2.28331532002427
"E1542",-3.02101378738795,1.46493778276447,4.48595157015241
"E1546",-2.85469119358503,3.47955053694138,6.33424173052641
"E1566",-2.76373517186884,4.00634504000927,6.77008021187811
"E1584",-1.96246797145433,1.15703203120157,3.1195000026559
"E1589",-2.97431656070583,4.18843526824924,7.16275182895507
"E1603",-2.44647545791555,1.54519956721405,3.9916750251296
"E1610",-3.46581114279529,3.09141729501228,6.55722843780757
"E1614",-2.49059099698437,3.86772985994243,6.3583208569268
"E1635",-2.42892983639564,4.72073220387079,7.14966204026642
"E1709",-3.4330875775372,4.53922142791909,7.9723090054563
"E1796",-3.30343673455554,4.74372406166483,8.04716079622037
"E2644",-3.09017085069334,5.05309624250728,8.14326709320062
