"gsm","title","tissue","group","pair_id"
"GSM509787","normal adjacent esophageal tissue from patient E1507","normal adjacent esophageal tissue","Normal","E1507"
"GSM509804","esophageal squamous cell carcinoma from patient E1507","esophageal squamous cell carcinoma","Tumor","E1507"
"GSM509788","normal adjacent esophageal tissue from patient E1520","normal adjacent esophageal tissue","Normal","E1520"
"GSM509805","esophageal squamous cell carcinoma from patient E1520","esophageal squamous cell carcinoma","Tumor","E1520"
"GSM509789","normal adjacent esophageal tissue from patient E1521","normal adjacent esophageal tissue","Normal","E1521"
"GSM509806","esophageal squamous cell carcinoma from patient E1521","esophageal squamous cell carcinoma","Tumor","E1521"
"GSM509790","normal adjacent esophageal tissue from patient E1532","normal adjacent esophageal tissue","Normal","E1532"
"GSM509807","esophageal squamous cell carcinoma from patient E1532","esophageal squamous cell carcinoma","Tumor","E1532"
"GSM509791","normal adjacent esophageal tissue from patient E1535","normal adjacent esophageal tissue","Normal","E1535"
"GSM509808","esophageal squamous cell carcinoma from patient E1535","esophageal squamous cell carcinoma","Tumor","E1535"
"GSM509792","normal adjacent esophageal tissue from patient E1542","normal adjacent esophageal tissue","Normal","E1542"
"GSM509809","esophageal squamous cell carcinoma from patient E1542","esophageal squamous cell carcinoma","Tumor","E1542"
"GSM509793","normal adjacent esophageal tissue from patient E1546","normal adjacent esophageal tissue","Normal","E1546"
"GSM509810","esophageal squamous cell carcinoma from patient E1546","esophageal squamous cell carcinoma","Tumor","E1546"
"GSM509794","normal adjacent esophageal tissue from patient E1566","normal adjacent esophageal tissue","Normal","E1566"
"GSM509811","esophageal squamous cell carcinoma from patient E1566","esophageal squamous cell carcinoma","Tumor","E1566"
"GSM509795","normal adjacent esophageal tissue from patient E1584","normal adjacent esophageal tissue","Normal","E1584"
"GSM509812","esophageal squamous cell carcinoma from patient E1584","esophageal squamous cell carcinoma","Tumor","E1584"
"GSM509796","normal adjacent esophageal tissue from patient E1589","normal adjacent esophageal tissue","Normal","E1589"
"GSM509813","esophageal squamous cell carcinoma from patient E1589","esophageal squamous cell carcinoma","Tumor","E1589"
"GSM509797","normal adjacent esophageal tissue from patient E1603","normal adjacent esophageal tissue","Normal","E1603"
"GSM509814","esophageal squamous cell carcinoma from patient E1603","esophageal squamous cell carcinoma","Tumor","E1603"
"GSM509798","normal adjacent esophageal tissue from patient E1610","normal adjacent esophageal tissue","Normal","E1610"
"GSM509815","esophageal squamous cell carcinoma from patient E1610","esophageal squamous cell carcinoma","Tumor","E1610"
"GSM509799","normal adjacent esophageal tissue from patient E1614","normal adjacent esophageal tissue","Normal","E1614"
"GSM509816","esophageal squamous cell carcinoma from patient E1614","esophageal squamous cell carcinoma","Tumor","E1614"
"GSM509800","normal adjacent esophageal tissue from patient E1635","normal adjacent esophageal tissue","Normal","E1635"
"GSM509817","esophageal squamous cell carcinoma from patient E1635","esophageal squamous cell carcinoma","Tumor","E1635"
"GSM509801","normal adjacent esophageal tissue from patient E1709","normal adjacent esophageal tissue","Normal","E1709"
"GSM509818","esophageal squamous cell carcinoma from patient E1709","esophageal squamous cell carcinoma","Tumor","E1709"
"GSM509802","normal adjacent esophageal tissue from patient E1796","normal adjacent esophageal tissue","Normal","E1796"
"GSM509819","esophageal squamous cell carcinoma from patient E1796","esophageal squamous cell carcinoma","Tumor","E1796"
"GSM509803","normal adjacent esophageal tissue from patient E2644","normal adjacent esophageal tissue","Normal","E2644"
"GSM509820","esophageal squamous cell carcinoma from patient E2644","esophageal squamous cell carcinoma","Tumor","E2644"
