"geo_accession","SIM2","RFC4","COL1A1","MMP1","CST1","title","tissue_group","z_SIM2","z_RFC4","z_COL1A1","z_MMP1","z_CST1","coef_fixed_score"
"GSM935144",5.18877602,7.22083844,9.41522347,4.99848747,3.62747458,"E10N","Normal",-0.984610330609539,-0.576143085789655,-0.186979416215988,-0.502624930945353,-0.86956427754031,-0.740731263538386
"GSM935145",6.50430093,7.99809437,11.61150129,10.7692441,8.89112355,"E10T","Tumor",-0.165308646310162,0.0623257442284266,0.808701544293009,1.23999225869605,1.52699330669317,2.39866209036401
"GSM935146",5.41335528,6.41986952,10.21604351,4.46074569,3.68325303,"E11N","Normal",-0.844743601687843,-1.23409070573673,0.176071769458716,-0.665008848600941,-0.84416815630461,-1.4363031926536
"GSM935147",7.62756887,7.89089239,11.1882196,10.5182638,7.51450581,"E11T","Tumor",0.534256453647916,-0.0257342114495202,0.616807096410695,1.16420278894651,0.900214487628543,1.2240693364309
"GSM935148",4.99459205,7.05287548,9.38408526,3.83952904,4.63624541,"E12N","Normal",-1.10554703996074,-0.714114518902521,-0.201095901188427,-0.852599988236551,-0.410267429067148,-0.80885960799598
"GSM935149",5.03937402,8.60813157,12.09383208,4.77557113,11.21533491,"E12T","Tumor",-1.07765707515024,0.563434481155666,1.02736585893343,-0.569939820628362,2.58521477889169,3.0935217664644
"GSM935150",8.75128756,7.12844237,7.17911714,3.43487239,4.01789966,"E13N","Normal",1.23410227822884,-0.652040880112265,-1.20071660291428,-0.974795686202192,-0.691802388044673,-3.54219386891115
"GSM935151",5.19836185,9.51688103,11.63746603,8.98165286,5.87077056,"E13T","Tumor",-0.97864032836579,1.30991730889783,0.82047264038438,0.700186575905301,0.151816142238991,3.32171147623088
"GSM935152",7.66788522,6.6596993,8.60475671,3.32888464,3.97935611,"E14N","Normal",0.559365254863853,-1.03708501799615,-0.554403935422495,-1.00680120764131,-0.709351399690824,-3.02061035824016
"GSM935153",7.49924762,9.41317289,11.09580631,10.98135681,7.92709789,"E14T","Tumor",0.454338684355048,1.22472733188581,0.574911598257827,1.30404473539657,1.08806908890502,2.80983807340485
"GSM935154",7.52081564,7.38384949,9.10038412,7.36414442,3.21899547,"E15N","Normal",0.467771128681019,-0.442239347836161,-0.329711607726272,0.211741439043924,-1.05554622934806,-1.47248506457653
"GSM935155",5.2540973,8.27488954,13.0358973,12.82491597,6.60871274,"E15T","Tumor",-0.943928596407644,0.289696268560813,1.45445044475861,1.86075126251567,0.48780376950753,3.59877393424235
"GSM935156",5.43512325,6.49901327,9.62388491,4.20807454,3.75390032,"E16N","Normal",-0.831186629600725,-1.16907889236176,-0.0923829033757366,-0.741308910715407,-0.812002200782116,-1.58643610836129
"GSM935157",4.84759032,7.75106312,12.03685181,5.40908218,4.20085719,"E16T","Tumor",-1.19709890953646,-0.140595516424295,1.00153389475885,-0.378636094559122,-0.608501191742799,0.888069077763041
"GSM935158",4.90796273,6.64432139,10.76351903,3.28789988,3.55791473,"E17N","Normal",-1.15949930437336,-1.0497170428246,0.424269400307058,-1.0191775305169,-0.901235117869095,-1.10130701374571
"GSM935159",6.39710225,8.41716666,11.32589586,5.10631274,7.44524001,"E17T","Tumor",-0.232071395089028,0.406568334554239,0.679222529261575,-0.470064526647082,0.868677529281946,1.1818323085187
"GSM935160",6.21784188,6.42634387,8.99877762,3.43761228,3.77928693,"E18N","Normal",-0.343713768374935,-1.22877241801439,-0.375774840980595,-0.973968311263713,-0.800443589430896,-2.39324196499645
"GSM935161",5.12510654,10.16880084,10.7534988,9.65846351,8.95215765,"E18T","Tumor",-1.02426333284913,1.84543008183519,0.41972673628702,0.904565645833671,1.5547823435544,4.55750976988067
"GSM935162",8.74574945,6.95542014,11.48955387,3.17711825,3.87390472,"E19N","Normal",1.23065317375628,-0.794168198144073,0.753416769675017,-1.05263067801768,-0.757363782338838,-2.53359195849742
"GSM935163",8.97657698,8.57707848,12.2734194,8.99957097,5.15363212,"E19T","Tumor",1.37441129089575,0.537926242137476,1.10878164050921,0.705597375301963,-0.174699470242548,0.567785887072253
"GSM935164",8.98134652,6.7979011,7.36735947,3.61622681,3.88195274,"E1N","Normal",1.37738173419608,-0.92356058138954,-1.11537707881762,-0.920031406581299,-0.753699490992855,-3.89195016595451
"GSM935165",6.6775106,7.98066027,12.71703059,7.43619706,8.17702059,"E1T","Tumor",-0.0574346157317982,0.0480046834300635,1.30989245250645,0.233499447061504,1.20185975875607,1.72856499455537
"GSM935166",9.00662332,6.84507052,7.28315997,4.9320531,3.87781266,"E20N","Normal",1.39312398632394,-0.88481375008517,-1.15354886121734,-0.522686368737262,-0.75558448373836,-3.60557813395932
"GSM935167",4.77945476,9.2596572,11.62590694,13.23171141,3.73650419,"E20T","Tumor",-1.23953336185609,1.0986234590164,0.815232335296834,1.98359281898099,-0.819922718948397,3.71286201524514
"GSM935168",8.47979717,7.12316906,7.96801812,4.24405198,3.77050811,"E21N","Normal",1.06501955534973,-0.656372585971392,-0.84306891446615,-0.730444667184954,-0.804440616544887,-3.06371333447075
"GSM935169",8.83690594,8.45027821,10.40023789,8.66284308,8.36070211,"E21T","Tumor",1.28742493476522,0.433767474210318,0.259576158351902,0.60391438172445,1.28549059020939,0.672793760900163
"GSM935170",8.97768869,6.98460596,6.11632562,3.22686204,3.52924049,"E22N","Normal",1.37510365777419,-0.770193808719321,-1.68253236948902,-1.03760935774899,-0.914290598531996,-4.25438598227002
"GSM935171",6.32260675,10.0532411,10.34674032,3.89799478,8.02642824,"E22T","Tumor",-0.27846678308873,1.75050473080571,0.235323073702303,-0.834944867762495,1.13329454086692,2.26458838784502
"GSM935172",8.68620192,6.82966294,9.33938799,3.40206612,3.6279626,"E23N","Normal",1.19356729932395,-0.897470147027693,-0.221359376200768,-0.984702319542579,-0.869342080346135,-3.24735366005276
"GSM935173",6.50445997,9.37744383,11.2034346,9.86614446,7.58893751,"E23T","Tumor",-0.165209597072188,1.19537806576205,0.623704805651389,0.967279847217529,0.934103498115196,2.99986418549287
"GSM935174",6.44521142,9.3351347,7.98339616,9.4259312,4.08132823,"E24N","Normal",-0.202109268403608,1.16062366931739,-0.836097291159429,0.834346985347026,-0.662923140709419,1.13325690456463
"GSM935175",5.51982072,9.45733557,12.24821499,10.41242672,10.0184323,"E24T","Tumor",-0.778437510751356,1.26100430777207,1.09735523947317,1.13224276589673,2.04026088019272,4.57239892286742
"GSM935176",9.05155497,6.47529025,10.14588492,4.17074093,4.15798749,"E25N","Normal",1.42110717101586,-1.18856592133032,0.144265423447738,-0.752582682026287,-0.628019914449115,-3.22430657748009
"GSM935177",5.39322299,9.06210422,12.55424442,11.41531858,6.76807465,"E25T","Tumor",-0.857281881260067,0.936345610576973,1.23609346012616,1.4350898112048,0.560361798400637,3.82031334753601
"GSM935178",8.81488439,6.76925856,5.6898797,3.52234458,3.65482946,"E26N","Normal",1.27371003444768,-0.947088699087589,-1.87586131875226,-0.948381378394244,-0.857109506049384,-4.39192275145152
"GSM935179",5.04927046,9.51105553,11.62119916,9.94283132,6.77832927,"E26T","Tumor",-1.07149362670549,1.30513201228482,0.813098066640301,0.990437268163147,0.565030762359765,3.81029021636539
"GSM935180",6.58711191,6.59325802,8.64655319,3.98170016,4.04630502,"E27N","Normal",-0.113734423065326,-1.09166251900859,-0.535455531457693,-0.809668037806582,-0.678869329375891,-2.35651734152903
"GSM935181",5.74294313,9.70205295,11.69528619,10.0040837,8.97666903,"E27T","Tumor",-0.639478100003341,1.46202486388889,0.846685368082729,1.00893388084987,1.56594245965899,4.17970367739117
"GSM935182",8.21087714,6.8184262,8.66876188,3.39219712,4.05932686,"E28N","Normal",0.897537638552849,-0.906700450669142,-0.52538723791601,-0.987682498771619,-0.672940440578302,-3.10745515413457
"GSM935183",4.68461721,9.22121305,12.3963282,6.5643441,10.45762121,"E28T","Tumor",-1.29859766680325,1.06704391034504,1.16450225605456,-0.0297772863632664,2.24022511017284,4.11145765283644
"GSM935184",8.90429075,6.55226352,6.91815062,3.33487468,4.12395635,"E29N","Normal",1.3293918241107,-1.12533702626153,-1.31902558592549,-1.00499237262367,-0.643514410212785,-4.20334044083871
"GSM935185",5.13647875,8.67975144,11.52997117,12.79018127,8.03252035,"E29T","Tumor",-1.01718078295868,0.622265881264698,0.77173992338477,1.85026229387985,1.13606829962395,3.91200199943196
"GSM935186",4.93661252,8.72813304,12.31520241,10.38255269,7.93589175,"E2N","Normal",-1.14165637261024,0.662008445269841,1.12772393785925,1.12322159215129,1.09207296378303,3.74435134751174
"GSM935187",4.71744107,8.36879255,13.08614937,10.78797826,9.19327962,"E2T","Tumor",-1.2781551471833,0.366831923131986,1.47723218433159,1.2456494837954,1.66456601059267,4.14710417610745
"GSM935188",8.59945265,6.92371778,6.92480407,3.35857865,4.04859254,"E30N","Normal",1.13954033071053,-0.820209773276234,-1.31600924918231,-0.997834395215647,-0.677827813606825,-3.72852386838073
"GSM935189",5.84546996,9.56331236,11.9633008,11.12997598,8.36196057,"E30T","Tumor",-0.575624953729679,1.34805784381955,0.968189597595571,1.34892382785489,1.2860635714007,4.17801541435057
"GSM935190",7.68605309,7.73294393,7.33997317,3.72550672,3.72024483,"E3N","Normal",0.570680104455817,-0.155479337304472,-1.12779263810637,-0.887031739144541,-0.827325661801325,-2.42126537484249
"GSM935191",4.76787411,8.71847951,12.64303042,12.35477961,3.66934199,"E3T","Tumor",-1.24674572703303,0.65407865307817,1.27634452898217,1.71878240904638,-0.85050190093815,3.32931508461841
"GSM935192",8.62452462,6.81945535,6.07346672,3.57015828,3.8645655,"E4N","Normal",1.15515501584006,-0.90585506606537,-1.70196242079208,-0.933942894697461,-0.761615961511384,-4.0785885931949
"GSM935193",5.71068328,9.74688512,11.50624595,10.94372158,5.5271544,"E4T","Tumor",-0.659569357294885,1.4988517853986,0.760984112064922,1.29267988275434,-0.00463348405764792,3.56498910579262
"GSM935194",8.7824812,7.08628001,6.57931362,3.35811526,4.27523302,"E5N","Normal",1.25352950579188,-0.686674713861209,-1.472637094699,-0.997974326845289,-0.574637619060414,-3.72478935278574
"GSM935195",6.32060287,8.72104269,6.82461935,4.66604751,3.62453078,"E5T","Tumor",-0.279714788540131,0.656184150730309,-1.36142791950241,-0.603013082094901,-0.870904599863603,-0.814531367147475
"GSM935196",8.74091246,6.78487414,6.54345517,3.42604651,4.14971742,"E6N","Normal",1.22764072296663,-0.934261442700295,-1.48889349705995,-0.97746087054245,-0.631785305928221,-3.99615928123426
"GSM935197",4.66788409,10.62753787,8.75684086,7.11470733,4.88930385,"E6T","Tumor",-1.30901896198008,2.2222548618405,-0.485456696065411,0.136417978250512,-0.295049045946836,3.10964683938775
"GSM935198",8.93888158,6.50435983,6.98801134,3.42425965,3.79080501,"E7N","Normal",1.35093480293602,-1.16468701604913,-1.28735427906348,-0.978000455409934,-0.795199367763164,-4.30312214711433
"GSM935199",7.35770282,7.93198096,6.21948968,5.13494302,4.09328361,"E7T","Tumor",0.366185360794023,0.00801756863019654,-1.63576301753572,-0.461418932789791,-0.657479814838964,-2.00941561262505
"GSM935200",7.86838452,5.85863011,8.46668518,3.70312932,3.8742009,"E8N","Normal",0.684235117032291,-1.69511500369575,-0.616998563641864,-0.893789127196007,-0.757228930560282,-3.81799503897494
"GSM935201",5.38122063,7.31327797,11.02934457,8.6810399,5.55517343,"E8T","Tumor",-0.864756885107442,-0.500209591700364,0.544781216519373,0.609409344233173,0.00812367722572811,0.959080610168341
"GSM935202",8.41312595,6.79112208,7.6406817,3.596037,3.82149299,"E9N","Normal",1.02349708593461,-0.929129137126476,-0.991466643618274,-0.926128199812656,-0.781227024312266,-3.54586168097497
"GSM935203",4.71898214,8.22673073,12.46599297,9.38467171,6.20498059,"E9T","Tumor",-1.27719537725646,0.250136713092689,1.19608472912586,0.821887701215018,0.303983125008626,2.83016389759235
